Workbook

Sheet Workout
B2: 이동주회원님
B4: 날짜 | D4: 유산소🔥 | H4: 수업⚡ | I4: 운동부위✔️ | J4: 웨이트 운동기록🏋️‍♀️ | AA4: 1회 최대반복 추정🤖 (kg)
B5: 46034 | C5: =if(B5="0/0","",choose(weekday(B5),"(일)","(월)","(화)","(수)","(목)","(금)","(토)")) -> (월) | D5: 걸음수 | E5: 러닝머신 | G5: 사이클 | H5: 수업 | I5: 등 | J5: 1set | L5: 2set | N5: 3set | P5: 4set | R5: 5set | T5: 6set | V5: 7set | X5: 8set | Z5: lb (파운드) | AA5: 무게 합 | AB5: 1RM 추정값 | AE5: MAX
B6: =iferror(B5-'현황'!$C$4+1,0) -> 0 | D6: 0 | E6: 0 | G6: 0 | H6: 0
B7: 오늘의 진단✅ | E7: 오늘의 식단🍚 | H7: 웨이트💪 | J7: 무게 | K7: 횟수 | L7: 무게 | M7: 횟수 | N7: 무게 | O7: 횟수 | P7: 무게 | Q7: 횟수 | R7: 무게 | S7: 횟수 | T7: 무게 | U7: 횟수 | V7: 무게 | W7: 횟수 | X7: 무게 | Y7: 횟수 | AB7: 1RM | AC7: 5RM | AD7: 12RM | AE7: 무게 | AF7: 횟수
B8: 숙면🌙 | E8: 아 침 | F8: 탄수화물 | H8: 렛풀다운 | J8: 10 | K8: 12 | L8: 10 | M8: 10 | N8: 10 | O8: 12 | P8: 10 | Q8: 15 | R8: 10 | S8: 15 | Z8: FALSE | AA8: =(J8*K8+L8*M8+N8*O8+P8*Q8+R8*S8+T8*U8+V8*W8+X8*Y8)*if(Z8=true,0.453592,1) -> 640 | AB8: =SUM(AE8*AF8*0.025,AE8) -> 13.75 | AC8: =AB8*87% -> 11.9625 | AD8: =AB8*67% -> 9.2125 | AE8: =MAX(J8,L8,N8,P8,R8,T8,V8,X8)*if(Z8=true,0.453592,1) -> 10 | AF8: =MAX(IF(J8*if(Z8=true,0.453592,1)=$AE8,K8,0),IF(L8*if(Z8=true,0.453592,1)=$AE8,M8,0),IF(N8*if(Z8=true,0.453592,1)=$AE8,O8,0),IF(P8*if(Z8=true,0.453592,1)=$AE8,Q8,0),IF(R8*if(Z8=true,0.453592,1)=$AE8,S8,0),IF(T8*if(Z8=true,0.453592,1)=$AE8,U8,0),IF(V8*if(Z8=true,0.453592,1)=$AE8,W8,0),IF(X8*if(Z8=true,0.453592,1)=$AE8,Y8,0)) -> 15
B9: 컨디션😀 | F9: 단백질 | H9: 시티드로우 | J9: 10 | K9: 5 | L9: 10 | M9: 5 | N9: 10 | O9: 5 | Z9: FALSE | AA9: =(J9*K9+L9*M9+N9*O9+P9*Q9+R9*S9+T9*U9+V9*W9+X9*Y9)*if(Z9=true,0.453592,1) -> 150 | AB9: =SUM(AE9*AF9*0.025,AE9) -> 11.25 | AC9: =AB9*87% -> 9.7875 | AD9: =AB9*67% -> 7.5375 | AE9: =MAX(J9,L9,N9,P9,R9,T9,V9,X9)*if(Z9=true,0.453592,1) -> 10 | AF9: =MAX(IF(J9*if(Z9=true,0.453592,1)=$AE9,K9,0),IF(L9*if(Z9=true,0.453592,1)=$AE9,M9,0),IF(N9*if(Z9=true,0.453592,1)=$AE9,O9,0),IF(P9*if(Z9=true,0.453592,1)=$AE9,Q9,0),IF(R9*if(Z9=true,0.453592,1)=$AE9,S9,0),IF(T9*if(Z9=true,0.453592,1)=$AE9,U9,0),IF(V9*if(Z9=true,0.453592,1)=$AE9,W9,0),IF(X9*if(Z9=true,0.453592,1)=$AE9,Y9,0)) -> 5
B10: 활동강도🔥 | F10: 지방 | Z10: FALSE | AA10: =(J10*K10+L10*M10+N10*O10+P10*Q10+R10*S10+T10*U10+V10*W10+X10*Y10)*if(Z10=true,0.453592,1) -> 0 | AB10: =SUM(AE10*AF10*0.025,AE10) -> 0 | AC10: =AB10*87% -> 0 | AD10: =AB10*67% -> 0 | AE10: =MAX(J10,L10,N10,P10,R10,T10,V10,X10)*if(Z10=true,0.453592,1) -> 0 | AF10: =MAX(IF(J10*if(Z10=true,0.453592,1)=$AE10,K10,0),IF(L10*if(Z10=true,0.453592,1)=$AE10,M10,0),IF(N10*if(Z10=true,0.453592,1)=$AE10,O10,0),IF(P10*if(Z10=true,0.453592,1)=$AE10,Q10,0),IF(R10*if(Z10=true,0.453592,1)=$AE10,S10,0),IF(T10*if(Z10=true,0.453592,1)=$AE10,U10,0),IF(V10*if(Z10=true,0.453592,1)=$AE10,W10,0),IF(X10*if(Z10=true,0.453592,1)=$AE10,Y10,0)) -> 0
B11: 식이조절😇 | D11: FALSE | E11: 점 심 | F11: 탄수화물 | Z11: FALSE | AA11: =(J11*K11+L11*M11+N11*O11+P11*Q11+R11*S11+T11*U11+V11*W11+X11*Y11)*if(Z11=true,0.453592,1) -> 0 | AB11: =SUM(AE11*AF11*0.025,AE11) -> 0 | AC11: =AB11*87% -> 0 | AD11: =AB11*67% -> 0 | AE11: =MAX(J11,L11,N11,P11,R11,T11,V11,X11)*if(Z11=true,0.453592,1) -> 0 | AF11: =MAX(IF(J11*if(Z11=true,0.453592,1)=$AE11,K11,0),IF(L11*if(Z11=true,0.453592,1)=$AE11,M11,0),IF(N11*if(Z11=true,0.453592,1)=$AE11,O11,0),IF(P11*if(Z11=true,0.453592,1)=$AE11,Q11,0),IF(R11*if(Z11=true,0.453592,1)=$AE11,S11,0),IF(T11*if(Z11=true,0.453592,1)=$AE11,U11,0),IF(V11*if(Z11=true,0.453592,1)=$AE11,W11,0),IF(X11*if(Z11=true,0.453592,1)=$AE11,Y11,0)) -> 0
B12: 수분🥛 | D12: FALSE | F12: 단백질 | Z12: FALSE | AA12: =(J12*K12+L12*M12+N12*O12+P12*Q12+R12*S12+T12*U12+V12*W12+X12*Y12)*if(Z12=true,0.453592,1) -> 0 | AB12: =SUM(AE12*AF12*0.025,AE12) -> 0 | AC12: =AB12*87% -> 0 | AD12: =AB12*67% -> 0 | AE12: =MAX(J12,L12,N12,P12,R12,T12,V12,X12)*if(Z12=true,0.453592,1) -> 0 | AF12: =MAX(IF(J12*if(Z12=true,0.453592,1)=$AE12,K12,0),IF(L12*if(Z12=true,0.453592,1)=$AE12,M12,0),IF(N12*if(Z12=true,0.453592,1)=$AE12,O12,0),IF(P12*if(Z12=true,0.453592,1)=$AE12,Q12,0),IF(R12*if(Z12=true,0.453592,1)=$AE12,S12,0),IF(T12*if(Z12=true,0.453592,1)=$AE12,U12,0),IF(V12*if(Z12=true,0.453592,1)=$AE12,W12,0),IF(X12*if(Z12=true,0.453592,1)=$AE12,Y12,0)) -> 0
B13: {="📌최근 인바디 결과 : "&text(xlookup(B5,'현황'!O:O,'현황'!O:O,,-1,-1),"m/d(ddd)")} -> #REF! | F13: 지방 | Z13: FALSE | AA13: =(J13*K13+L13*M13+N13*O13+P13*Q13+R13*S13+T13*U13+V13*W13+X13*Y13)*if(Z13=true,0.453592,1) -> 0 | AB13: =SUM(AE13*AF13*0.025,AE13) -> 0 | AC13: =AB13*87% -> 0 | AD13: =AB13*67% -> 0 | AE13: =MAX(J13,L13,N13,P13,R13,T13,V13,X13)*if(Z13=true,0.453592,1) -> 0 | AF13: =MAX(IF(J13*if(Z13=true,0.453592,1)=$AE13,K13,0),IF(L13*if(Z13=true,0.453592,1)=$AE13,M13,0),IF(N13*if(Z13=true,0.453592,1)=$AE13,O13,0),IF(P13*if(Z13=true,0.453592,1)=$AE13,Q13,0),IF(R13*if(Z13=true,0.453592,1)=$AE13,S13,0),IF(T13*if(Z13=true,0.453592,1)=$AE13,U13,0),IF(V13*if(Z13=true,0.453592,1)=$AE13,W13,0),IF(X13*if(Z13=true,0.453592,1)=$AE13,Y13,0)) -> 0
B14: 몸무게🙈 | D14: {=iferror(vlookup(xlookup(B5,'현황'!O:O,'현황'!O:O,,-1,-1),'현황'!O:S,2,false),0)} -> 0 | E14: 저 녁 | F14: 탄수화물 | Z14: FALSE | AA14: =(J14*K14+L14*M14+N14*O14+P14*Q14+R14*S14+T14*U14+V14*W14+X14*Y14)*if(Z14=true,0.453592,1) -> 0 | AB14: =SUM(AE14*AF14*0.025,AE14) -> 0 | AC14: =AB14*87% -> 0 | AD14: =AB14*67% -> 0 | AE14: =MAX(J14,L14,N14,P14,R14,T14,V14,X14)*if(Z14=true,0.453592,1) -> 0 | AF14: =MAX(IF(J14*if(Z14=true,0.453592,1)=$AE14,K14,0),IF(L14*if(Z14=true,0.453592,1)=$AE14,M14,0),IF(N14*if(Z14=true,0.453592,1)=$AE14,O14,0),IF(P14*if(Z14=true,0.453592,1)=$AE14,Q14,0),IF(R14*if(Z14=true,0.453592,1)=$AE14,S14,0),IF(T14*if(Z14=true,0.453592,1)=$AE14,U14,0),IF(V14*if(Z14=true,0.453592,1)=$AE14,W14,0),IF(X14*if(Z14=true,0.453592,1)=$AE14,Y14,0)) -> 0
B15: 골격근 | D15: {=iferror(vlookup(xlookup(B5,'현황'!O:O,'현황'!O:O,,-1,-1),'현황'!O:S,3,false),0)} -> 0 | F15: 단백질 | Z15: FALSE | AA15: =(J15*K15+L15*M15+N15*O15+P15*Q15+R15*S15+T15*U15+V15*W15+X15*Y15)*if(Z15=true,0.453592,1) -> 0 | AB15: =SUM(AE15*AF15*0.025,AE15) -> 0 | AC15: =AB15*87% -> 0 | AD15: =AB15*67% -> 0 | AE15: =MAX(J15,L15,N15,P15,R15,T15,V15,X15)*if(Z15=true,0.453592,1) -> 0 | AF15: =MAX(IF(J15*if(Z15=true,0.453592,1)=$AE15,K15,0),IF(L15*if(Z15=true,0.453592,1)=$AE15,M15,0),IF(N15*if(Z15=true,0.453592,1)=$AE15,O15,0),IF(P15*if(Z15=true,0.453592,1)=$AE15,Q15,0),IF(R15*if(Z15=true,0.453592,1)=$AE15,S15,0),IF(T15*if(Z15=true,0.453592,1)=$AE15,U15,0),IF(V15*if(Z15=true,0.453592,1)=$AE15,W15,0),IF(X15*if(Z15=true,0.453592,1)=$AE15,Y15,0)) -> 0
B16: 체지방 | D16: {=iferror(vlookup(xlookup(B5,'현황'!O:O,'현황'!O:O,,-1,-1),'현황'!O:S,4,false),0)} -> 0 | F16: 지방 | Z16: FALSE | AA16: =(J16*K16+L16*M16+N16*O16+P16*Q16+R16*S16+T16*U16+V16*W16+X16*Y16)*if(Z16=true,0.453592,1) -> 0 | AB16: =SUM(AE16*AF16*0.025,AE16) -> 0 | AC16: =AB16*87% -> 0 | AD16: =AB16*67% -> 0 | AE16: =MAX(J16,L16,N16,P16,R16,T16,V16,X16)*if(Z16=true,0.453592,1) -> 0 | AF16: =MAX(IF(J16*if(Z16=true,0.453592,1)=$AE16,K16,0),IF(L16*if(Z16=true,0.453592,1)=$AE16,M16,0),IF(N16*if(Z16=true,0.453592,1)=$AE16,O16,0),IF(P16*if(Z16=true,0.453592,1)=$AE16,Q16,0),IF(R16*if(Z16=true,0.453592,1)=$AE16,S16,0),IF(T16*if(Z16=true,0.453592,1)=$AE16,U16,0),IF(V16*if(Z16=true,0.453592,1)=$AE16,W16,0),IF(X16*if(Z16=true,0.453592,1)=$AE16,Y16,0)) -> 0
B17: 체지방률 | D17: =iferror(D16/D14,0) -> 0 | E17: 간식 | H17: 한줄평💬 | P17: 피드백💡 | AA17: =SUM(AA8:AA16) -> 790 | AB17: ⓒ 공여사들 All rights reserved.
B19: 날짜 | D19: 유산소🔥 | H19: 수업⚡ | I19: 운동부위✔️ | J19: 웨이트 운동기록🏋️‍♀️ | AA19: 1회 최대반복 추정🤖 (kg)
B20: 46038 | C20: =if(B20="0/0","",choose(weekday(B20),"(일)","(월)","(화)","(수)","(목)","(금)","(토)")) -> (금) | D20: 걸음수 | E20: 러닝머신 | G20: 사이클 | H20: 수업 | I20: 가슴 | J20: 1set | L20: 2set | N20: 3set | P20: 4set | R20: 5set | T20: 6set | V20: 7set | X20: 8set | Z20: lb (파운드) | AA20: 무게 합 | AB20: 1RM 추정값 | AE20: MAX
B21: =iferror(B20-'현황'!$C$4+1,0) -> 0 | D21: 0 | E21: 0 | G21: 0 | H21: 0
B22: 오늘의 진단✅ | E22: 오늘의 식단🍚 | H22: 웨이트💪 | J22: 무게 | K22: 횟수 | L22: 무게 | M22: 횟수 | N22: 무게 | O22: 횟수 | P22: 무게 | Q22: 횟수 | R22: 무게 | S22: 횟수 | T22: 무게 | U22: 횟수 | V22: 무게 | W22: 횟수 | X22: 무게 | Y22: 횟수 | AB22: 1RM | AC22: 5RM | AD22: 12RM | AE22: 무게 | AF22: 횟수
B23: 숙면🌙 | E23: 아 침 | F23: 탄수화물 | H23: 체스트프레스 | J23: 5 | K23: 8 | L23: 5 | M23: 10 | N23: 5 | O23: 12 | P23: 5 | Q23: 12 | R23: 5 | S23: 12 | Z23: FALSE | AA23: =(J23*K23+L23*M23+N23*O23+P23*Q23+R23*S23+T23*U23+V23*W23+X23*Y23)*if(Z23=true,0.453592,1) -> 270 | AB23: =SUM(AE23*AF23*0.025,AE23) -> 6.5 | AC23: =AB23*87% -> 5.655 | AD23: =AB23*67% -> 4.355 | AE23: =MAX(J23,L23,N23,P23,R23,T23,V23,X23)*if(Z23=true,0.453592,1) -> 5 | AF23: =MAX(IF(J23*if(Z23=true,0.453592,1)=$AE23,K23,0),IF(L23*if(Z23=true,0.453592,1)=$AE23,M23,0),IF(N23*if(Z23=true,0.453592,1)=$AE23,O23,0),IF(P23*if(Z23=true,0.453592,1)=$AE23,Q23,0),IF(R23*if(Z23=true,0.453592,1)=$AE23,S23,0),IF(T23*if(Z23=true,0.453592,1)=$AE23,U23,0),IF(V23*if(Z23=true,0.453592,1)=$AE23,W23,0),IF(X23*if(Z23=true,0.453592,1)=$AE23,Y23,0)) -> 12
B24: 컨디션😀 | F24: 단백질 | H24: 펙덱플라이 | J24: 5 | K24: 12 | L24: 5 | M24: 15 | N24: 5 | O24: 15 | P24: 5 | Q24: 12 | Z24: FALSE | AA24: =(J24*K24+L24*M24+N24*O24+P24*Q24+R24*S24+T24*U24+V24*W24+X24*Y24)*if(Z24=true,0.453592,1) -> 270 | AB24: =SUM(AE24*AF24*0.025,AE24) -> 6.875 | AC24: =AB24*87% -> 5.98125 | AD24: =AB24*67% -> 4.60625 | AE24: =MAX(J24,L24,N24,P24,R24,T24,V24,X24)*if(Z24=true,0.453592,1) -> 5 | AF24: =MAX(IF(J24*if(Z24=true,0.453592,1)=$AE24,K24,0),IF(L24*if(Z24=true,0.453592,1)=$AE24,M24,0),IF(N24*if(Z24=true,0.453592,1)=$AE24,O24,0),IF(P24*if(Z24=true,0.453592,1)=$AE24,Q24,0),IF(R24*if(Z24=true,0.453592,1)=$AE24,S24,0),IF(T24*if(Z24=true,0.453592,1)=$AE24,U24,0),IF(V24*if(Z24=true,0.453592,1)=$AE24,W24,0),IF(X24*if(Z24=true,0.453592,1)=$AE24,Y24,0)) -> 15
B25: 활동강도🔥 | F25: 지방 | Z25: FALSE | AA25: =(J25*K25+L25*M25+N25*O25+P25*Q25+R25*S25+T25*U25+V25*W25+X25*Y25)*if(Z25=true,0.453592,1) -> 0 | AB25: =SUM(AE25*AF25*0.025,AE25) -> 0 | AC25: =AB25*87% -> 0 | AD25: =AB25*67% -> 0 | AE25: =MAX(J25,L25,N25,P25,R25,T25,V25,X25)*if(Z25=true,0.453592,1) -> 0 | AF25: =MAX(IF(J25*if(Z25=true,0.453592,1)=$AE25,K25,0),IF(L25*if(Z25=true,0.453592,1)=$AE25,M25,0),IF(N25*if(Z25=true,0.453592,1)=$AE25,O25,0),IF(P25*if(Z25=true,0.453592,1)=$AE25,Q25,0),IF(R25*if(Z25=true,0.453592,1)=$AE25,S25,0),IF(T25*if(Z25=true,0.453592,1)=$AE25,U25,0),IF(V25*if(Z25=true,0.453592,1)=$AE25,W25,0),IF(X25*if(Z25=true,0.453592,1)=$AE25,Y25,0)) -> 0
B26: 식이조절😇 | D26: FALSE | E26: 점 심 | F26: 탄수화물 | Z26: FALSE | AA26: =(J26*K26+L26*M26+N26*O26+P26*Q26+R26*S26+T26*U26+V26*W26+X26*Y26)*if(Z26=true,0.453592,1) -> 0 | AB26: =SUM(AE26*AF26*0.025,AE26) -> 0 | AC26: =AB26*87% -> 0 | AD26: =AB26*67% -> 0 | AE26: =MAX(J26,L26,N26,P26,R26,T26,V26,X26)*if(Z26=true,0.453592,1) -> 0 | AF26: =MAX(IF(J26*if(Z26=true,0.453592,1)=$AE26,K26,0),IF(L26*if(Z26=true,0.453592,1)=$AE26,M26,0),IF(N26*if(Z26=true,0.453592,1)=$AE26,O26,0),IF(P26*if(Z26=true,0.453592,1)=$AE26,Q26,0),IF(R26*if(Z26=true,0.453592,1)=$AE26,S26,0),IF(T26*if(Z26=true,0.453592,1)=$AE26,U26,0),IF(V26*if(Z26=true,0.453592,1)=$AE26,W26,0),IF(X26*if(Z26=true,0.453592,1)=$AE26,Y26,0)) -> 0
B27: 수분🥛 | D27: FALSE | F27: 단백질 | Z27: FALSE | AA27: =(J27*K27+L27*M27+N27*O27+P27*Q27+R27*S27+T27*U27+V27*W27+X27*Y27)*if(Z27=true,0.453592,1) -> 0 | AB27: =SUM(AE27*AF27*0.025,AE27) -> 0 | AC27: =AB27*87% -> 0 | AD27: =AB27*67% -> 0 | AE27: =MAX(J27,L27,N27,P27,R27,T27,V27,X27)*if(Z27=true,0.453592,1) -> 0 | AF27: =MAX(IF(J27*if(Z27=true,0.453592,1)=$AE27,K27,0),IF(L27*if(Z27=true,0.453592,1)=$AE27,M27,0),IF(N27*if(Z27=true,0.453592,1)=$AE27,O27,0),IF(P27*if(Z27=true,0.453592,1)=$AE27,Q27,0),IF(R27*if(Z27=true,0.453592,1)=$AE27,S27,0),IF(T27*if(Z27=true,0.453592,1)=$AE27,U27,0),IF(V27*if(Z27=true,0.453592,1)=$AE27,W27,0),IF(X27*if(Z27=true,0.453592,1)=$AE27,Y27,0)) -> 0
B28: {="📌최근 인바디 결과 : "&text(xlookup(B20,'현황'!O:O,'현황'!O:O,,-1,-1),"m/d(ddd)")} -> #REF! | F28: 지방 | Z28: FALSE | AA28: =(J28*K28+L28*M28+N28*O28+P28*Q28+R28*S28+T28*U28+V28*W28+X28*Y28)*if(Z28=true,0.453592,1) -> 0 | AB28: =SUM(AE28*AF28*0.025,AE28) -> 0 | AC28: =AB28*87% -> 0 | AD28: =AB28*67% -> 0 | AE28: =MAX(J28,L28,N28,P28,R28,T28,V28,X28)*if(Z28=true,0.453592,1) -> 0 | AF28: =MAX(IF(J28*if(Z28=true,0.453592,1)=$AE28,K28,0),IF(L28*if(Z28=true,0.453592,1)=$AE28,M28,0),IF(N28*if(Z28=true,0.453592,1)=$AE28,O28,0),IF(P28*if(Z28=true,0.453592,1)=$AE28,Q28,0),IF(R28*if(Z28=true,0.453592,1)=$AE28,S28,0),IF(T28*if(Z28=true,0.453592,1)=$AE28,U28,0),IF(V28*if(Z28=true,0.453592,1)=$AE28,W28,0),IF(X28*if(Z28=true,0.453592,1)=$AE28,Y28,0)) -> 0
B29: 몸무게🙈 | D29: {=iferror(vlookup(xlookup(B20,'현황'!O:O,'현황'!O:O,,-1,-1),'현황'!O:S,2,false),0)} -> 0 | E29: 저 녁 | F29: 탄수화물 | Z29: FALSE | AA29: =(J29*K29+L29*M29+N29*O29+P29*Q29+R29*S29+T29*U29+V29*W29+X29*Y29)*if(Z29=true,0.453592,1) -> 0 | AB29: =SUM(AE29*AF29*0.025,AE29) -> 0 | AC29: =AB29*87% -> 0 | AD29: =AB29*67% -> 0 | AE29: =MAX(J29,L29,N29,P29,R29,T29,V29,X29)*if(Z29=true,0.453592,1) -> 0 | AF29: =MAX(IF(J29*if(Z29=true,0.453592,1)=$AE29,K29,0),IF(L29*if(Z29=true,0.453592,1)=$AE29,M29,0),IF(N29*if(Z29=true,0.453592,1)=$AE29,O29,0),IF(P29*if(Z29=true,0.453592,1)=$AE29,Q29,0),IF(R29*if(Z29=true,0.453592,1)=$AE29,S29,0),IF(T29*if(Z29=true,0.453592,1)=$AE29,U29,0),IF(V29*if(Z29=true,0.453592,1)=$AE29,W29,0),IF(X29*if(Z29=true,0.453592,1)=$AE29,Y29,0)) -> 0
B30: 골격근 | D30: {=iferror(vlookup(xlookup(B20,'현황'!O:O,'현황'!O:O,,-1,-1),'현황'!O:S,3,false),0)} -> 0 | F30: 단백질 | Z30: FALSE | AA30: =(J30*K30+L30*M30+N30*O30+P30*Q30+R30*S30+T30*U30+V30*W30+X30*Y30)*if(Z30=true,0.453592,1) -> 0 | AB30: =SUM(AE30*AF30*0.025,AE30) -> 0 | AC30: =AB30*87% -> 0 | AD30: =AB30*67% -> 0 | AE30: =MAX(J30,L30,N30,P30,R30,T30,V30,X30)*if(Z30=true,0.453592,1) -> 0 | AF30: =MAX(IF(J30*if(Z30=true,0.453592,1)=$AE30,K30,0),IF(L30*if(Z30=true,0.453592,1)=$AE30,M30,0),IF(N30*if(Z30=true,0.453592,1)=$AE30,O30,0),IF(P30*if(Z30=true,0.453592,1)=$AE30,Q30,0),IF(R30*if(Z30=true,0.453592,1)=$AE30,S30,0),IF(T30*if(Z30=true,0.453592,1)=$AE30,U30,0),IF(V30*if(Z30=true,0.453592,1)=$AE30,W30,0),IF(X30*if(Z30=true,0.453592,1)=$AE30,Y30,0)) -> 0
B31: 체지방 | D31: {=iferror(vlookup(xlookup(B20,'현황'!O:O,'현황'!O:O,,-1,-1),'현황'!O:S,4,false),0)} -> 0 | F31: 지방 | Z31: FALSE | AA31: =(J31*K31+L31*M31+N31*O31+P31*Q31+R31*S31+T31*U31+V31*W31+X31*Y31)*if(Z31=true,0.453592,1) -> 0 | AB31: =SUM(AE31*AF31*0.025,AE31) -> 0 | AC31: =AB31*87% -> 0 | AD31: =AB31*67% -> 0 | AE31: =MAX(J31,L31,N31,P31,R31,T31,V31,X31)*if(Z31=true,0.453592,1) -> 0 | AF31: =MAX(IF(J31*if(Z31=true,0.453592,1)=$AE31,K31,0),IF(L31*if(Z31=true,0.453592,1)=$AE31,M31,0),IF(N31*if(Z31=true,0.453592,1)=$AE31,O31,0),IF(P31*if(Z31=true,0.453592,1)=$AE31,Q31,0),IF(R31*if(Z31=true,0.453592,1)=$AE31,S31,0),IF(T31*if(Z31=true,0.453592,1)=$AE31,U31,0),IF(V31*if(Z31=true,0.453592,1)=$AE31,W31,0),IF(X31*if(Z31=true,0.453592,1)=$AE31,Y31,0)) -> 0
B32: 체지방률 | D32: =iferror(D31/D29,0) -> 0 | E32: 간식 | H32: 한줄평💬 | P32: 피드백💡 | AA32: =SUM(AA23:AA31) -> 540 | AB32: ⓒ 공여사들 All rights reserved.
B34: 날짜 | D34: 유산소🔥 | H34: 수업⚡ | I34: 운동부위✔️ | J34: 웨이트 운동기록🏋️‍♀️ | AA34: 1회 최대반복 추정🤖 (kg)
B35: 46042 | C35: =if(B35="0/0","",choose(weekday(B35),"(일)","(월)","(화)","(수)","(목)","(금)","(토)")) -> (화) | D35: 걸음수 | E35: 러닝머신 | G35: 사이클 | H35: 수업 | I35: 하체 | J35: 1set | L35: 2set | N35: 3set | P35: 4set | R35: 5set | T35: 6set | V35: 7set | X35: 8set | Z35: lb (파운드) | AA35: 무게 합 | AB35: 1RM 추정값 | AE35: MAX
B36: =iferror(B35-'현황'!$C$4+1,0) -> 0 | D36: 0 | E36: 0 | G36: 0 | H36: 0
B37: 오늘의 진단✅ | E37: 오늘의 식단🍚 | H37: 웨이트💪 | J37: 무게 | K37: 횟수 | L37: 무게 | M37: 횟수 | N37: 무게 | O37: 횟수 | P37: 무게 | Q37: 횟수 | R37: 무게 | S37: 횟수 | T37: 무게 | U37: 횟수 | V37: 무게 | W37: 횟수 | X37: 무게 | Y37: 횟수 | AB37: 1RM | AC37: 5RM | AD37: 12RM | AE37: 무게 | AF37: 횟수
B38: 숙면🌙 | E38: 아 침 | F38: 탄수화물 | H38: 익스텐션 | J38: 12 | K38: 15 | L38: 12 | M38: 15 | N38: 12 | O38: 15 | P38: 12 | Q38: 15 | Z38: FALSE | AA38: =(J38*K38+L38*M38+N38*O38+P38*Q38+R38*S38+T38*U38+V38*W38+X38*Y38)*if(Z38=true,0.453592,1) -> 720 | AB38: =SUM(AE38*AF38*0.025,AE38) -> 16.5 | AC38: =AB38*87% -> 14.355 | AD38: =AB38*67% -> 11.055 | AE38: =MAX(J38,L38,N38,P38,R38,T38,V38,X38)*if(Z38=true,0.453592,1) -> 12 | AF38: =MAX(IF(J38*if(Z38=true,0.453592,1)=$AE38,K38,0),IF(L38*if(Z38=true,0.453592,1)=$AE38,M38,0),IF(N38*if(Z38=true,0.453592,1)=$AE38,O38,0),IF(P38*if(Z38=true,0.453592,1)=$AE38,Q38,0),IF(R38*if(Z38=true,0.453592,1)=$AE38,S38,0),IF(T38*if(Z38=true,0.453592,1)=$AE38,U38,0),IF(V38*if(Z38=true,0.453592,1)=$AE38,W38,0),IF(X38*if(Z38=true,0.453592,1)=$AE38,Y38,0)) -> 15
B39: 컨디션😀 | F39: 단백질 | H39: 컬 | J39: 10 | K39: 15 | L39: 10 | M39: 15 | N39: 10 | O39: 15 | P39: 13 | Q39: 15 | Z39: FALSE | AA39: =(J39*K39+L39*M39+N39*O39+P39*Q39+R39*S39+T39*U39+V39*W39+X39*Y39)*if(Z39=true,0.453592,1) -> 645 | AB39: =SUM(AE39*AF39*0.025,AE39) -> 17.875 | AC39: =AB39*87% -> 15.55125 | AD39: =AB39*67% -> 11.97625 | AE39: =MAX(J39,L39,N39,P39,R39,T39,V39,X39)*if(Z39=true,0.453592,1) -> 13 | AF39: =MAX(IF(J39*if(Z39=true,0.453592,1)=$AE39,K39,0),IF(L39*if(Z39=true,0.453592,1)=$AE39,M39,0),IF(N39*if(Z39=true,0.453592,1)=$AE39,O39,0),IF(P39*if(Z39=true,0.453592,1)=$AE39,Q39,0),IF(R39*if(Z39=true,0.453592,1)=$AE39,S39,0),IF(T39*if(Z39=true,0.453592,1)=$AE39,U39,0),IF(V39*if(Z39=true,0.453592,1)=$AE39,W39,0),IF(X39*if(Z39=true,0.453592,1)=$AE39,Y39,0)) -> 15
B40: 활동강도🔥 | F40: 지방 | H40: 어브덕션 | J40: 33 | K40: 15 | L40: 33 | M40: 15 | N40: 26 | O40: 15 | P40: 33 | Q40: 15 | Z40: FALSE | AA40: =(J40*K40+L40*M40+N40*O40+P40*Q40+R40*S40+T40*U40+V40*W40+X40*Y40)*if(Z40=true,0.453592,1) -> 1875 | AB40: =SUM(AE40*AF40*0.025,AE40) -> 45.375 | AC40: =AB40*87% -> 39.47625 | AD40: =AB40*67% -> 30.40125 | AE40: =MAX(J40,L40,N40,P40,R40,T40,V40,X40)*if(Z40=true,0.453592,1) -> 33 | AF40: =MAX(IF(J40*if(Z40=true,0.453592,1)=$AE40,K40,0),IF(L40*if(Z40=true,0.453592,1)=$AE40,M40,0),IF(N40*if(Z40=true,0.453592,1)=$AE40,O40,0),IF(P40*if(Z40=true,0.453592,1)=$AE40,Q40,0),IF(R40*if(Z40=true,0.453592,1)=$AE40,S40,0),IF(T40*if(Z40=true,0.453592,1)=$AE40,U40,0),IF(V40*if(Z40=true,0.453592,1)=$AE40,W40,0),IF(X40*if(Z40=true,0.453592,1)=$AE40,Y40,0)) -> 15
B41: 식이조절😇 | D41: FALSE | E41: 점 심 | F41: 탄수화물 | Z41: FALSE | AA41: =(J41*K41+L41*M41+N41*O41+P41*Q41+R41*S41+T41*U41+V41*W41+X41*Y41)*if(Z41=true,0.453592,1) -> 0 | AB41: =SUM(AE41*AF41*0.025,AE41) -> 0 | AC41: =AB41*87% -> 0 | AD41: =AB41*67% -> 0 | AE41: =MAX(J41,L41,N41,P41,R41,T41,V41,X41)*if(Z41=true,0.453592,1) -> 0 | AF41: =MAX(IF(J41*if(Z41=true,0.453592,1)=$AE41,K41,0),IF(L41*if(Z41=true,0.453592,1)=$AE41,M41,0),IF(N41*if(Z41=true,0.453592,1)=$AE41,O41,0),IF(P41*if(Z41=true,0.453592,1)=$AE41,Q41,0),IF(R41*if(Z41=true,0.453592,1)=$AE41,S41,0),IF(T41*if(Z41=true,0.453592,1)=$AE41,U41,0),IF(V41*if(Z41=true,0.453592,1)=$AE41,W41,0),IF(X41*if(Z41=true,0.453592,1)=$AE41,Y41,0)) -> 0
B42: 수분🥛 | D42: FALSE | F42: 단백질 | Z42: FALSE | AA42: =(J42*K42+L42*M42+N42*O42+P42*Q42+R42*S42+T42*U42+V42*W42+X42*Y42)*if(Z42=true,0.453592,1) -> 0 | AB42: =SUM(AE42*AF42*0.025,AE42) -> 0 | AC42: =AB42*87% -> 0 | AD42: =AB42*67% -> 0 | AE42: =MAX(J42,L42,N42,P42,R42,T42,V42,X42)*if(Z42=true,0.453592,1) -> 0 | AF42: =MAX(IF(J42*if(Z42=true,0.453592,1)=$AE42,K42,0),IF(L42*if(Z42=true,0.453592,1)=$AE42,M42,0),IF(N42*if(Z42=true,0.453592,1)=$AE42,O42,0),IF(P42*if(Z42=true,0.453592,1)=$AE42,Q42,0),IF(R42*if(Z42=true,0.453592,1)=$AE42,S42,0),IF(T42*if(Z42=true,0.453592,1)=$AE42,U42,0),IF(V42*if(Z42=true,0.453592,1)=$AE42,W42,0),IF(X42*if(Z42=true,0.453592,1)=$AE42,Y42,0)) -> 0
B43: {="📌최근 인바디 결과 : "&text(xlookup(B35,'현황'!O:O,'현황'!O:O,,-1,-1),"m/d(ddd)")} -> #REF! | F43: 지방 | Z43: FALSE | AA43: =(J43*K43+L43*M43+N43*O43+P43*Q43+R43*S43+T43*U43+V43*W43+X43*Y43)*if(Z43=true,0.453592,1) -> 0 | AB43: =SUM(AE43*AF43*0.025,AE43) -> 0 | AC43: =AB43*87% -> 0 | AD43: =AB43*67% -> 0 | AE43: =MAX(J43,L43,N43,P43,R43,T43,V43,X43)*if(Z43=true,0.453592,1) -> 0 | AF43: =MAX(IF(J43*if(Z43=true,0.453592,1)=$AE43,K43,0),IF(L43*if(Z43=true,0.453592,1)=$AE43,M43,0),IF(N43*if(Z43=true,0.453592,1)=$AE43,O43,0),IF(P43*if(Z43=true,0.453592,1)=$AE43,Q43,0),IF(R43*if(Z43=true,0.453592,1)=$AE43,S43,0),IF(T43*if(Z43=true,0.453592,1)=$AE43,U43,0),IF(V43*if(Z43=true,0.453592,1)=$AE43,W43,0),IF(X43*if(Z43=true,0.453592,1)=$AE43,Y43,0)) -> 0
B44: 몸무게🙈 | D44: {=iferror(vlookup(xlookup(B35,'현황'!O:O,'현황'!O:O,,-1,-1),'현황'!O:S,2,false),0)} -> 0 | E44: 저 녁 | F44: 탄수화물 | Z44: FALSE | AA44: =(J44*K44+L44*M44+N44*O44+P44*Q44+R44*S44+T44*U44+V44*W44+X44*Y44)*if(Z44=true,0.453592,1) -> 0 | AB44: =SUM(AE44*AF44*0.025,AE44) -> 0 | AC44: =AB44*87% -> 0 | AD44: =AB44*67% -> 0 | AE44: =MAX(J44,L44,N44,P44,R44,T44,V44,X44)*if(Z44=true,0.453592,1) -> 0 | AF44: =MAX(IF(J44*if(Z44=true,0.453592,1)=$AE44,K44,0),IF(L44*if(Z44=true,0.453592,1)=$AE44,M44,0),IF(N44*if(Z44=true,0.453592,1)=$AE44,O44,0),IF(P44*if(Z44=true,0.453592,1)=$AE44,Q44,0),IF(R44*if(Z44=true,0.453592,1)=$AE44,S44,0),IF(T44*if(Z44=true,0.453592,1)=$AE44,U44,0),IF(V44*if(Z44=true,0.453592,1)=$AE44,W44,0),IF(X44*if(Z44=true,0.453592,1)=$AE44,Y44,0)) -> 0
B45: 골격근 | D45: {=iferror(vlookup(xlookup(B35,'현황'!O:O,'현황'!O:O,,-1,-1),'현황'!O:S,3,false),0)} -> 0 | F45: 단백질 | Z45: FALSE | AA45: =(J45*K45+L45*M45+N45*O45+P45*Q45+R45*S45+T45*U45+V45*W45+X45*Y45)*if(Z45=true,0.453592,1) -> 0 | AB45: =SUM(AE45*AF45*0.025,AE45) -> 0 | AC45: =AB45*87% -> 0 | AD45: =AB45*67% -> 0 | AE45: =MAX(J45,L45,N45,P45,R45,T45,V45,X45)*if(Z45=true,0.453592,1) -> 0 | AF45: =MAX(IF(J45*if(Z45=true,0.453592,1)=$AE45,K45,0),IF(L45*if(Z45=true,0.453592,1)=$AE45,M45,0),IF(N45*if(Z45=true,0.453592,1)=$AE45,O45,0),IF(P45*if(Z45=true,0.453592,1)=$AE45,Q45,0),IF(R45*if(Z45=true,0.453592,1)=$AE45,S45,0),IF(T45*if(Z45=true,0.453592,1)=$AE45,U45,0),IF(V45*if(Z45=true,0.453592,1)=$AE45,W45,0),IF(X45*if(Z45=true,0.453592,1)=$AE45,Y45,0)) -> 0
B46: 체지방 | D46: {=iferror(vlookup(xlookup(B35,'현황'!O:O,'현황'!O:O,,-1,-1),'현황'!O:S,4,false),0)} -> 0 | F46: 지방 | Z46: FALSE | AA46: =(J46*K46+L46*M46+N46*O46+P46*Q46+R46*S46+T46*U46+V46*W46+X46*Y46)*if(Z46=true,0.453592,1) -> 0 | AB46: =SUM(AE46*AF46*0.025,AE46) -> 0 | AC46: =AB46*87% -> 0 | AD46: =AB46*67% -> 0 | AE46: =MAX(J46,L46,N46,P46,R46,T46,V46,X46)*if(Z46=true,0.453592,1) -> 0 | AF46: =MAX(IF(J46*if(Z46=true,0.453592,1)=$AE46,K46,0),IF(L46*if(Z46=true,0.453592,1)=$AE46,M46,0),IF(N46*if(Z46=true,0.453592,1)=$AE46,O46,0),IF(P46*if(Z46=true,0.453592,1)=$AE46,Q46,0),IF(R46*if(Z46=true,0.453592,1)=$AE46,S46,0),IF(T46*if(Z46=true,0.453592,1)=$AE46,U46,0),IF(V46*if(Z46=true,0.453592,1)=$AE46,W46,0),IF(X46*if(Z46=true,0.453592,1)=$AE46,Y46,0)) -> 0
B47: 체지방률 | D47: =iferror(D46/D44,0) -> 0 | E47: 간식 | H47: 한줄평💬 | P47: 피드백💡 | AA47: =SUM(AA38:AA46) -> 3240 | AB47: ⓒ 공여사들 All rights reserved.
B49: 날짜 | D49: 유산소🔥 | H49: 수업⚡ | I49: 운동부위✔️ | J49: 웨이트 운동기록🏋️‍♀️ | AA49: 1회 최대반복 추정🤖 (kg)
B50: 46044 | C50: =if(B50="0/0","",choose(weekday(B50),"(일)","(월)","(화)","(수)","(목)","(금)","(토)")) -> (목) | D50: 걸음수 | E50: 러닝머신 | G50: 사이클 | H50: 수업 | I50: 어깨 복부 | J50: 1set | L50: 2set | N50: 3set | P50: 4set | R50: 5set | T50: 6set | V50: 7set | X50: 8set | Z50: lb (파운드) | AA50: 무게 합 | AB50: 1RM 추정값 | AE50: MAX
B51: =iferror(B50-'현황'!$C$4+1,0) -> 0 | D51: 0 | E51: 0 | G51: 0 | H51: 0
B52: 오늘의 진단✅ | E52: 오늘의 식단🍚 | H52: 웨이트💪 | J52: 무게 | K52: 횟수 | L52: 무게 | M52: 횟수 | N52: 무게 | O52: 횟수 | P52: 무게 | Q52: 횟수 | R52: 무게 | S52: 횟수 | T52: 무게 | U52: 횟수 | V52: 무게 | W52: 횟수 | X52: 무게 | Y52: 횟수 | AB52: 1RM | AC52: 5RM | AD52: 12RM | AE52: 무게 | AF52: 횟수
B53: 숙면🌙 | E53: 아 침 | F53: 탄수화물 | H53: 밴드 외회전 | K53: 15 | M53: 15 | O53: 15 | Q53: 15 | Z53: FALSE | AA53: =(J53*K53+L53*M53+N53*O53+P53*Q53+R53*S53+T53*U53+V53*W53+X53*Y53)*if(Z53=true,0.453592,1) -> 0 | AB53: =SUM(AE53*AF53*0.025,AE53) -> 0 | AC53: =AB53*87% -> 0 | AD53: =AB53*67% -> 0 | AE53: =MAX(J53,L53,N53,P53,R53,T53,V53,X53)*if(Z53=true,0.453592,1) -> 0 | AF53: =MAX(IF(J53*if(Z53=true,0.453592,1)=$AE53,K53,0),IF(L53*if(Z53=true,0.453592,1)=$AE53,M53,0),IF(N53*if(Z53=true,0.453592,1)=$AE53,O53,0),IF(P53*if(Z53=true,0.453592,1)=$AE53,Q53,0),IF(R53*if(Z53=true,0.453592,1)=$AE53,S53,0),IF(T53*if(Z53=true,0.453592,1)=$AE53,U53,0),IF(V53*if(Z53=true,0.453592,1)=$AE53,W53,0),IF(X53*if(Z53=true,0.453592,1)=$AE53,Y53,0)) -> 15
B54: 컨디션😀 | F54: 단백질 | H54: 프론트레이즈(원판) | J54: 2.5 | K54: 12 | L54: 2.5 | M54: 12 | N54: 2.5 | O54: 12 | P54: 2.5 | Q54: 12 | Z54: FALSE | AA54: =(J54*K54+L54*M54+N54*O54+P54*Q54+R54*S54+T54*U54+V54*W54+X54*Y54)*if(Z54=true,0.453592,1) -> 120 | AB54: =SUM(AE54*AF54*0.025,AE54) -> 3.25 | AC54: =AB54*87% -> 2.8275 | AD54: =AB54*67% -> 2.1775 | AE54: =MAX(J54,L54,N54,P54,R54,T54,V54,X54)*if(Z54=true,0.453592,1) -> 2.5 | AF54: =MAX(IF(J54*if(Z54=true,0.453592,1)=$AE54,K54,0),IF(L54*if(Z54=true,0.453592,1)=$AE54,M54,0),IF(N54*if(Z54=true,0.453592,1)=$AE54,O54,0),IF(P54*if(Z54=true,0.453592,1)=$AE54,Q54,0),IF(R54*if(Z54=true,0.453592,1)=$AE54,S54,0),IF(T54*if(Z54=true,0.453592,1)=$AE54,U54,0),IF(V54*if(Z54=true,0.453592,1)=$AE54,W54,0),IF(X54*if(Z54=true,0.453592,1)=$AE54,Y54,0)) -> 12
B55: 활동강도🔥 | F55: 지방 | H55: 사이드레이즈(아령) | J55: 1 | K55: 12 | L55: 1 | M55: 15 | N55: 1 | O55: 12 | P55: 1 | Q55: 12 | Z55: FALSE | AA55: =(J55*K55+L55*M55+N55*O55+P55*Q55+R55*S55+T55*U55+V55*W55+X55*Y55)*if(Z55=true,0.453592,1) -> 51 | AB55: =SUM(AE55*AF55*0.025,AE55) -> 1.375 | AC55: =AB55*87% -> 1.19625 | AD55: =AB55*67% -> 0.92125 | AE55: =MAX(J55,L55,N55,P55,R55,T55,V55,X55)*if(Z55=true,0.453592,1) -> 1 | AF55: =MAX(IF(J55*if(Z55=true,0.453592,1)=$AE55,K55,0),IF(L55*if(Z55=true,0.453592,1)=$AE55,M55,0),IF(N55*if(Z55=true,0.453592,1)=$AE55,O55,0),IF(P55*if(Z55=true,0.453592,1)=$AE55,Q55,0),IF(R55*if(Z55=true,0.453592,1)=$AE55,S55,0),IF(T55*if(Z55=true,0.453592,1)=$AE55,U55,0),IF(V55*if(Z55=true,0.453592,1)=$AE55,W55,0),IF(X55*if(Z55=true,0.453592,1)=$AE55,Y55,0)) -> 15
B56: 식이조절😇 | D56: FALSE | E56: 점 심 | F56: 탄수화물 | Z56: FALSE | AA56: =(J56*K56+L56*M56+N56*O56+P56*Q56+R56*S56+T56*U56+V56*W56+X56*Y56)*if(Z56=true,0.453592,1) -> 0 | AB56: =SUM(AE56*AF56*0.025,AE56) -> 0 | AC56: =AB56*87% -> 0 | AD56: =AB56*67% -> 0 | AE56: =MAX(J56,L56,N56,P56,R56,T56,V56,X56)*if(Z56=true,0.453592,1) -> 0 | AF56: =MAX(IF(J56*if(Z56=true,0.453592,1)=$AE56,K56,0),IF(L56*if(Z56=true,0.453592,1)=$AE56,M56,0),IF(N56*if(Z56=true,0.453592,1)=$AE56,O56,0),IF(P56*if(Z56=true,0.453592,1)=$AE56,Q56,0),IF(R56*if(Z56=true,0.453592,1)=$AE56,S56,0),IF(T56*if(Z56=true,0.453592,1)=$AE56,U56,0),IF(V56*if(Z56=true,0.453592,1)=$AE56,W56,0),IF(X56*if(Z56=true,0.453592,1)=$AE56,Y56,0)) -> 0
B57: 수분🥛 | D57: FALSE | F57: 단백질 | H57: 플랭크 | K57: 10 | M57: 14 | O57: 15 | Q57: 15 | S57: 15 | Z57: FALSE | AA57: =(J57*K57+L57*M57+N57*O57+P57*Q57+R57*S57+T57*U57+V57*W57+X57*Y57)*if(Z57=true,0.453592,1) -> 0 | AB57: =SUM(AE57*AF57*0.025,AE57) -> 0 | AC57: =AB57*87% -> 0 | AD57: =AB57*67% -> 0 | AE57: =MAX(J57,L57,N57,P57,R57,T57,V57,X57)*if(Z57=true,0.453592,1) -> 0 | AF57: =MAX(IF(J57*if(Z57=true,0.453592,1)=$AE57,K57,0),IF(L57*if(Z57=true,0.453592,1)=$AE57,M57,0),IF(N57*if(Z57=true,0.453592,1)=$AE57,O57,0),IF(P57*if(Z57=true,0.453592,1)=$AE57,Q57,0),IF(R57*if(Z57=true,0.453592,1)=$AE57,S57,0),IF(T57*if(Z57=true,0.453592,1)=$AE57,U57,0),IF(V57*if(Z57=true,0.453592,1)=$AE57,W57,0),IF(X57*if(Z57=true,0.453592,1)=$AE57,Y57,0)) -> 15
B58: {="📌최근 인바디 결과 : "&text(xlookup(B50,'현황'!O:O,'현황'!O:O,,-1,-1),"m/d(ddd)")} -> #REF! | F58: 지방 | Z58: FALSE | AA58: =(J58*K58+L58*M58+N58*O58+P58*Q58+R58*S58+T58*U58+V58*W58+X58*Y58)*if(Z58=true,0.453592,1) -> 0 | AB58: =SUM(AE58*AF58*0.025,AE58) -> 0 | AC58: =AB58*87% -> 0 | AD58: =AB58*67% -> 0 | AE58: =MAX(J58,L58,N58,P58,R58,T58,V58,X58)*if(Z58=true,0.453592,1) -> 0 | AF58: =MAX(IF(J58*if(Z58=true,0.453592,1)=$AE58,K58,0),IF(L58*if(Z58=true,0.453592,1)=$AE58,M58,0),IF(N58*if(Z58=true,0.453592,1)=$AE58,O58,0),IF(P58*if(Z58=true,0.453592,1)=$AE58,Q58,0),IF(R58*if(Z58=true,0.453592,1)=$AE58,S58,0),IF(T58*if(Z58=true,0.453592,1)=$AE58,U58,0),IF(V58*if(Z58=true,0.453592,1)=$AE58,W58,0),IF(X58*if(Z58=true,0.453592,1)=$AE58,Y58,0)) -> 0
B59: 몸무게🙈 | D59: {=iferror(vlookup(xlookup(B50,'현황'!O:O,'현황'!O:O,,-1,-1),'현황'!O:S,2,false),0)} -> 0 | E59: 저 녁 | F59: 탄수화물 | Z59: FALSE | AA59: =(J59*K59+L59*M59+N59*O59+P59*Q59+R59*S59+T59*U59+V59*W59+X59*Y59)*if(Z59=true,0.453592,1) -> 0 | AB59: =SUM(AE59*AF59*0.025,AE59) -> 0 | AC59: =AB59*87% -> 0 | AD59: =AB59*67% -> 0 | AE59: =MAX(J59,L59,N59,P59,R59,T59,V59,X59)*if(Z59=true,0.453592,1) -> 0 | AF59: =MAX(IF(J59*if(Z59=true,0.453592,1)=$AE59,K59,0),IF(L59*if(Z59=true,0.453592,1)=$AE59,M59,0),IF(N59*if(Z59=true,0.453592,1)=$AE59,O59,0),IF(P59*if(Z59=true,0.453592,1)=$AE59,Q59,0),IF(R59*if(Z59=true,0.453592,1)=$AE59,S59,0),IF(T59*if(Z59=true,0.453592,1)=$AE59,U59,0),IF(V59*if(Z59=true,0.453592,1)=$AE59,W59,0),IF(X59*if(Z59=true,0.453592,1)=$AE59,Y59,0)) -> 0
B60: 골격근 | D60: {=iferror(vlookup(xlookup(B50,'현황'!O:O,'현황'!O:O,,-1,-1),'현황'!O:S,3,false),0)} -> 0 | F60: 단백질 | Z60: FALSE | AA60: =(J60*K60+L60*M60+N60*O60+P60*Q60+R60*S60+T60*U60+V60*W60+X60*Y60)*if(Z60=true,0.453592,1) -> 0 | AB60: =SUM(AE60*AF60*0.025,AE60) -> 0 | AC60: =AB60*87% -> 0 | AD60: =AB60*67% -> 0 | AE60: =MAX(J60,L60,N60,P60,R60,T60,V60,X60)*if(Z60=true,0.453592,1) -> 0 | AF60: =MAX(IF(J60*if(Z60=true,0.453592,1)=$AE60,K60,0),IF(L60*if(Z60=true,0.453592,1)=$AE60,M60,0),IF(N60*if(Z60=true,0.453592,1)=$AE60,O60,0),IF(P60*if(Z60=true,0.453592,1)=$AE60,Q60,0),IF(R60*if(Z60=true,0.453592,1)=$AE60,S60,0),IF(T60*if(Z60=true,0.453592,1)=$AE60,U60,0),IF(V60*if(Z60=true,0.453592,1)=$AE60,W60,0),IF(X60*if(Z60=true,0.453592,1)=$AE60,Y60,0)) -> 0
B61: 체지방 | D61: {=iferror(vlookup(xlookup(B50,'현황'!O:O,'현황'!O:O,,-1,-1),'현황'!O:S,4,false),0)} -> 0 | F61: 지방 | Z61: FALSE | AA61: =(J61*K61+L61*M61+N61*O61+P61*Q61+R61*S61+T61*U61+V61*W61+X61*Y61)*if(Z61=true,0.453592,1) -> 0 | AB61: =SUM(AE61*AF61*0.025,AE61) -> 0 | AC61: =AB61*87% -> 0 | AD61: =AB61*67% -> 0 | AE61: =MAX(J61,L61,N61,P61,R61,T61,V61,X61)*if(Z61=true,0.453592,1) -> 0 | AF61: =MAX(IF(J61*if(Z61=true,0.453592,1)=$AE61,K61,0),IF(L61*if(Z61=true,0.453592,1)=$AE61,M61,0),IF(N61*if(Z61=true,0.453592,1)=$AE61,O61,0),IF(P61*if(Z61=true,0.453592,1)=$AE61,Q61,0),IF(R61*if(Z61=true,0.453592,1)=$AE61,S61,0),IF(T61*if(Z61=true,0.453592,1)=$AE61,U61,0),IF(V61*if(Z61=true,0.453592,1)=$AE61,W61,0),IF(X61*if(Z61=true,0.453592,1)=$AE61,Y61,0)) -> 0
B62: 체지방률 | D62: =iferror(D61/D59,0) -> 0 | E62: 간식 | H62: 한줄평💬 | P62: 피드백💡 | AA62: =SUM(AA53:AA61) -> 171 | AB62: ⓒ 공여사들 All rights reserved.
B64: 날짜 | D64: 유산소🔥 | H64: 수업⚡ | I64: 운동부위✔️ | J64: 웨이트 운동기록🏋️‍♀️ | AA64: 1회 최대반복 추정🤖 (kg)
B65: 46045 | C65: =if(B65="0/0","",choose(weekday(B65),"(일)","(월)","(화)","(수)","(목)","(금)","(토)")) -> (금) | D65: 걸음수 | E65: 러닝머신 | G65: 사이클 | H65: 수업 | I65: 팔 | J65: 1set | L65: 2set | N65: 3set | P65: 4set | R65: 5set | T65: 6set | V65: 7set | X65: 8set | Z65: lb (파운드) | AA65: 무게 합 | AB65: 1RM 추정값 | AE65: MAX
B66: =iferror(B65-'현황'!$C$4+1,0) -> 0 | D66: 0 | E66: 0 | G66: 0 | H66: 0
B67: 오늘의 진단✅ | E67: 오늘의 식단🍚 | H67: 웨이트💪 | J67: 무게 | K67: 횟수 | L67: 무게 | M67: 횟수 | N67: 무게 | O67: 횟수 | P67: 무게 | Q67: 횟수 | R67: 무게 | S67: 횟수 | T67: 무게 | U67: 횟수 | V67: 무게 | W67: 횟수 | X67: 무게 | Y67: 횟수 | AB67: 1RM | AC67: 5RM | AD67: 12RM | AE67: 무게 | AF67: 횟수
B68: 숙면🌙 | E68: 아 침 | F68: 탄수화물 | H68: 바이셉스컬(이두) | J68: 5 | K68: 15 | L68: 7.5 | M68: 15 | N68: 5 | O68: 15 | P68: 5 | Q68: 15 | Z68: FALSE | AA68: =(J68*K68+L68*M68+N68*O68+P68*Q68+R68*S68+T68*U68+V68*W68+X68*Y68)*if(Z68=true,0.453592,1) -> 337.5 | AB68: =SUM(AE68*AF68*0.025,AE68) -> 10.3125 | AC68: =AB68*87% -> 8.971875 | AD68: =AB68*67% -> 6.909375 | AE68: =MAX(J68,L68,N68,P68,R68,T68,V68,X68)*if(Z68=true,0.453592,1) -> 7.5 | AF68: =MAX(IF(J68*if(Z68=true,0.453592,1)=$AE68,K68,0),IF(L68*if(Z68=true,0.453592,1)=$AE68,M68,0),IF(N68*if(Z68=true,0.453592,1)=$AE68,O68,0),IF(P68*if(Z68=true,0.453592,1)=$AE68,Q68,0),IF(R68*if(Z68=true,0.453592,1)=$AE68,S68,0),IF(T68*if(Z68=true,0.453592,1)=$AE68,U68,0),IF(V68*if(Z68=true,0.453592,1)=$AE68,W68,0),IF(X68*if(Z68=true,0.453592,1)=$AE68,Y68,0)) -> 15
B69: 컨디션😀 | F69: 단백질 | Z69: FALSE | AA69: =(J69*K69+L69*M69+N69*O69+P69*Q69+R69*S69+T69*U69+V69*W69+X69*Y69)*if(Z69=true,0.453592,1) -> 0 | AB69: =SUM(AE69*AF69*0.025,AE69) -> 0 | AC69: =AB69*87% -> 0 | AD69: =AB69*67% -> 0 | AE69: =MAX(J69,L69,N69,P69,R69,T69,V69,X69)*if(Z69=true,0.453592,1) -> 0 | AF69: =MAX(IF(J69*if(Z69=true,0.453592,1)=$AE69,K69,0),IF(L69*if(Z69=true,0.453592,1)=$AE69,M69,0),IF(N69*if(Z69=true,0.453592,1)=$AE69,O69,0),IF(P69*if(Z69=true,0.453592,1)=$AE69,Q69,0),IF(R69*if(Z69=true,0.453592,1)=$AE69,S69,0),IF(T69*if(Z69=true,0.453592,1)=$AE69,U69,0),IF(V69*if(Z69=true,0.453592,1)=$AE69,W69,0),IF(X69*if(Z69=true,0.453592,1)=$AE69,Y69,0)) -> 0
B70: 활동강도🔥 | F70: 지방 | H70: 케이블푸쉬다운(삼두) | J70: 5 | K70: 15 | L70: 5 | M70: 20 | N70: 7.5 | O70: 12 | P70: 7.5 | Q70: 12 | Z70: FALSE | AA70: =(J70*K70+L70*M70+N70*O70+P70*Q70+R70*S70+T70*U70+V70*W70+X70*Y70)*if(Z70=true,0.453592,1) -> 355 | AB70: =SUM(AE70*AF70*0.025,AE70) -> 9.75 | AC70: =AB70*87% -> 8.4825 | AD70: =AB70*67% -> 6.5325 | AE70: =MAX(J70,L70,N70,P70,R70,T70,V70,X70)*if(Z70=true,0.453592,1) -> 7.5 | AF70: =MAX(IF(J70*if(Z70=true,0.453592,1)=$AE70,K70,0),IF(L70*if(Z70=true,0.453592,1)=$AE70,M70,0),IF(N70*if(Z70=true,0.453592,1)=$AE70,O70,0),IF(P70*if(Z70=true,0.453592,1)=$AE70,Q70,0),IF(R70*if(Z70=true,0.453592,1)=$AE70,S70,0),IF(T70*if(Z70=true,0.453592,1)=$AE70,U70,0),IF(V70*if(Z70=true,0.453592,1)=$AE70,W70,0),IF(X70*if(Z70=true,0.453592,1)=$AE70,Y70,0)) -> 12
B71: 식이조절😇 | D71: FALSE | E71: 점 심 | F71: 탄수화물 | H71: 케이블로프다운(삼두) | J71: 5 | K71: 10 | L71: 5 | M71: 10 | N71: 5 | O71: 12 | P71: 5 | Q71: 10 | Z71: FALSE | AA71: =(J71*K71+L71*M71+N71*O71+P71*Q71+R71*S71+T71*U71+V71*W71+X71*Y71)*if(Z71=true,0.453592,1) -> 210 | AB71: =SUM(AE71*AF71*0.025,AE71) -> 6.5 | AC71: =AB71*87% -> 5.655 | AD71: =AB71*67% -> 4.355 | AE71: =MAX(J71,L71,N71,P71,R71,T71,V71,X71)*if(Z71=true,0.453592,1) -> 5 | AF71: =MAX(IF(J71*if(Z71=true,0.453592,1)=$AE71,K71,0),IF(L71*if(Z71=true,0.453592,1)=$AE71,M71,0),IF(N71*if(Z71=true,0.453592,1)=$AE71,O71,0),IF(P71*if(Z71=true,0.453592,1)=$AE71,Q71,0),IF(R71*if(Z71=true,0.453592,1)=$AE71,S71,0),IF(T71*if(Z71=true,0.453592,1)=$AE71,U71,0),IF(V71*if(Z71=true,0.453592,1)=$AE71,W71,0),IF(X71*if(Z71=true,0.453592,1)=$AE71,Y71,0)) -> 12
B72: 수분🥛 | D72: FALSE | F72: 단백질 | Z72: FALSE | AA72: =(J72*K72+L72*M72+N72*O72+P72*Q72+R72*S72+T72*U72+V72*W72+X72*Y72)*if(Z72=true,0.453592,1) -> 0 | AB72: =SUM(AE72*AF72*0.025,AE72) -> 0 | AC72: =AB72*87% -> 0 | AD72: =AB72*67% -> 0 | AE72: =MAX(J72,L72,N72,P72,R72,T72,V72,X72)*if(Z72=true,0.453592,1) -> 0 | AF72: =MAX(IF(J72*if(Z72=true,0.453592,1)=$AE72,K72,0),IF(L72*if(Z72=true,0.453592,1)=$AE72,M72,0),IF(N72*if(Z72=true,0.453592,1)=$AE72,O72,0),IF(P72*if(Z72=true,0.453592,1)=$AE72,Q72,0),IF(R72*if(Z72=true,0.453592,1)=$AE72,S72,0),IF(T72*if(Z72=true,0.453592,1)=$AE72,U72,0),IF(V72*if(Z72=true,0.453592,1)=$AE72,W72,0),IF(X72*if(Z72=true,0.453592,1)=$AE72,Y72,0)) -> 0
B73: {="📌최근 인바디 결과 : "&text(xlookup(B65,'현황'!O:O,'현황'!O:O,,-1,-1),"m/d(ddd)")} -> #REF! | F73: 지방 | H73: 플랭크 | K73: 15 | M73: 15 | O73: 15 | Q73: 15 | Z73: FALSE | AA73: =(J73*K73+L73*M73+N73*O73+P73*Q73+R73*S73+T73*U73+V73*W73+X73*Y73)*if(Z73=true,0.453592,1) -> 0 | AB73: =SUM(AE73*AF73*0.025,AE73) -> 0 | AC73: =AB73*87% -> 0 | AD73: =AB73*67% -> 0 | AE73: =MAX(J73,L73,N73,P73,R73,T73,V73,X73)*if(Z73=true,0.453592,1) -> 0 | AF73: =MAX(IF(J73*if(Z73=true,0.453592,1)=$AE73,K73,0),IF(L73*if(Z73=true,0.453592,1)=$AE73,M73,0),IF(N73*if(Z73=true,0.453592,1)=$AE73,O73,0),IF(P73*if(Z73=true,0.453592,1)=$AE73,Q73,0),IF(R73*if(Z73=true,0.453592,1)=$AE73,S73,0),IF(T73*if(Z73=true,0.453592,1)=$AE73,U73,0),IF(V73*if(Z73=true,0.453592,1)=$AE73,W73,0),IF(X73*if(Z73=true,0.453592,1)=$AE73,Y73,0)) -> 15
B74: 몸무게🙈 | D74: {=iferror(vlookup(xlookup(B65,'현황'!O:O,'현황'!O:O,,-1,-1),'현황'!O:S,2,false),0)} -> 0 | E74: 저 녁 | F74: 탄수화물 | Z74: FALSE | AA74: =(J74*K74+L74*M74+N74*O74+P74*Q74+R74*S74+T74*U74+V74*W74+X74*Y74)*if(Z74=true,0.453592,1) -> 0 | AB74: =SUM(AE74*AF74*0.025,AE74) -> 0 | AC74: =AB74*87% -> 0 | AD74: =AB74*67% -> 0 | AE74: =MAX(J74,L74,N74,P74,R74,T74,V74,X74)*if(Z74=true,0.453592,1) -> 0 | AF74: =MAX(IF(J74*if(Z74=true,0.453592,1)=$AE74,K74,0),IF(L74*if(Z74=true,0.453592,1)=$AE74,M74,0),IF(N74*if(Z74=true,0.453592,1)=$AE74,O74,0),IF(P74*if(Z74=true,0.453592,1)=$AE74,Q74,0),IF(R74*if(Z74=true,0.453592,1)=$AE74,S74,0),IF(T74*if(Z74=true,0.453592,1)=$AE74,U74,0),IF(V74*if(Z74=true,0.453592,1)=$AE74,W74,0),IF(X74*if(Z74=true,0.453592,1)=$AE74,Y74,0)) -> 0
B75: 골격근 | D75: {=iferror(vlookup(xlookup(B65,'현황'!O:O,'현황'!O:O,,-1,-1),'현황'!O:S,3,false),0)} -> 0 | F75: 단백질 | Z75: FALSE | AA75: =(J75*K75+L75*M75+N75*O75+P75*Q75+R75*S75+T75*U75+V75*W75+X75*Y75)*if(Z75=true,0.453592,1) -> 0 | AB75: =SUM(AE75*AF75*0.025,AE75) -> 0 | AC75: =AB75*87% -> 0 | AD75: =AB75*67% -> 0 | AE75: =MAX(J75,L75,N75,P75,R75,T75,V75,X75)*if(Z75=true,0.453592,1) -> 0 | AF75: =MAX(IF(J75*if(Z75=true,0.453592,1)=$AE75,K75,0),IF(L75*if(Z75=true,0.453592,1)=$AE75,M75,0),IF(N75*if(Z75=true,0.453592,1)=$AE75,O75,0),IF(P75*if(Z75=true,0.453592,1)=$AE75,Q75,0),IF(R75*if(Z75=true,0.453592,1)=$AE75,S75,0),IF(T75*if(Z75=true,0.453592,1)=$AE75,U75,0),IF(V75*if(Z75=true,0.453592,1)=$AE75,W75,0),IF(X75*if(Z75=true,0.453592,1)=$AE75,Y75,0)) -> 0
B76: 체지방 | D76: {=iferror(vlookup(xlookup(B65,'현황'!O:O,'현황'!O:O,,-1,-1),'현황'!O:S,4,false),0)} -> 0 | F76: 지방 | Z76: FALSE | AA76: =(J76*K76+L76*M76+N76*O76+P76*Q76+R76*S76+T76*U76+V76*W76+X76*Y76)*if(Z76=true,0.453592,1) -> 0 | AB76: =SUM(AE76*AF76*0.025,AE76) -> 0 | AC76: =AB76*87% -> 0 | AD76: =AB76*67% -> 0 | AE76: =MAX(J76,L76,N76,P76,R76,T76,V76,X76)*if(Z76=true,0.453592,1) -> 0 | AF76: =MAX(IF(J76*if(Z76=true,0.453592,1)=$AE76,K76,0),IF(L76*if(Z76=true,0.453592,1)=$AE76,M76,0),IF(N76*if(Z76=true,0.453592,1)=$AE76,O76,0),IF(P76*if(Z76=true,0.453592,1)=$AE76,Q76,0),IF(R76*if(Z76=true,0.453592,1)=$AE76,S76,0),IF(T76*if(Z76=true,0.453592,1)=$AE76,U76,0),IF(V76*if(Z76=true,0.453592,1)=$AE76,W76,0),IF(X76*if(Z76=true,0.453592,1)=$AE76,Y76,0)) -> 0
B77: 체지방률 | D77: =iferror(D76/D74,0) -> 0 | E77: 간식 | H77: 한줄평💬 | P77: 피드백💡 | AA77: =SUM(AA68:AA76) -> 902.5 | AB77: ⓒ 공여사들 All rights reserved.
B79: 날짜 | D79: 유산소🔥 | H79: 수업⚡ | I79: 운동부위✔️ | J79: 웨이트 운동기록🏋️‍♀️ | AA79: 1회 최대반복 추정🤖 (kg)
B80: 46050 | C80: =if(B80="0/0","",choose(weekday(B80),"(일)","(월)","(화)","(수)","(목)","(금)","(토)")) -> (수) | D80: 걸음수 | E80: 러닝머신 | G80: 사이클 | H80: 수업 | I80: 등 | J80: 1set | L80: 2set | N80: 3set | P80: 4set | R80: 5set | T80: 6set | V80: 7set | X80: 8set | Z80: lb (파운드) | AA80: 무게 합 | AB80: 1RM 추정값 | AE80: MAX
B81: =iferror(B80-'현황'!$C$4+1,0) -> 0 | D81: 0 | E81: 0 | G81: 0 | H81: 0
B82: 오늘의 진단✅ | E82: 오늘의 식단🍚 | H82: 웨이트💪 | J82: 무게 | K82: 횟수 | L82: 무게 | M82: 횟수 | N82: 무게 | O82: 횟수 | P82: 무게 | Q82: 횟수 | R82: 무게 | S82: 횟수 | T82: 무게 | U82: 횟수 | V82: 무게 | W82: 횟수 | X82: 무게 | Y82: 횟수 | AB82: 1RM | AC82: 5RM | AD82: 12RM | AE82: 무게 | AF82: 횟수
B83: 숙면🌙 | E83: 아 침 | F83: 탄수화물 | H83: 렛풀다운 | J83: 12 | K83: 15 | L83: 12 | M83: 15 | N83: 15 | O83: 15 | Z83: FALSE | AA83: =(J83*K83+L83*M83+N83*O83+P83*Q83+R83*S83+T83*U83+V83*W83+X83*Y83)*if(Z83=true,0.453592,1) -> 585 | AB83: =SUM(AE83*AF83*0.025,AE83) -> 20.625 | AC83: =AB83*87% -> 17.94375 | AD83: =AB83*67% -> 13.81875 | AE83: =MAX(J83,L83,N83,P83,R83,T83,V83,X83)*if(Z83=true,0.453592,1) -> 15 | AF83: =MAX(IF(J83*if(Z83=true,0.453592,1)=$AE83,K83,0),IF(L83*if(Z83=true,0.453592,1)=$AE83,M83,0),IF(N83*if(Z83=true,0.453592,1)=$AE83,O83,0),IF(P83*if(Z83=true,0.453592,1)=$AE83,Q83,0),IF(R83*if(Z83=true,0.453592,1)=$AE83,S83,0),IF(T83*if(Z83=true,0.453592,1)=$AE83,U83,0),IF(V83*if(Z83=true,0.453592,1)=$AE83,W83,0),IF(X83*if(Z83=true,0.453592,1)=$AE83,Y83,0)) -> 15
B84: 컨디션😀 | F84: 단백질 | H84: mts로우 | J84: 5 | K84: 15 | L84: 5 | M84: 15 | N84: 5 | O84: 15 | P84: 7.5 | Q84: 10 | R84: 7.5 | S84: 14 | Z84: FALSE | AA84: =(J84*K84+L84*M84+N84*O84+P84*Q84+R84*S84+T84*U84+V84*W84+X84*Y84)*if(Z84=true,0.453592,1) -> 405 | AB84: =SUM(AE84*AF84*0.025,AE84) -> 10.125 | AC84: =AB84*87% -> 8.80875 | AD84: =AB84*67% -> 6.78375 | AE84: =MAX(J84,L84,N84,P84,R84,T84,V84,X84)*if(Z84=true,0.453592,1) -> 7.5 | AF84: =MAX(IF(J84*if(Z84=true,0.453592,1)=$AE84,K84,0),IF(L84*if(Z84=true,0.453592,1)=$AE84,M84,0),IF(N84*if(Z84=true,0.453592,1)=$AE84,O84,0),IF(P84*if(Z84=true,0.453592,1)=$AE84,Q84,0),IF(R84*if(Z84=true,0.453592,1)=$AE84,S84,0),IF(T84*if(Z84=true,0.453592,1)=$AE84,U84,0),IF(V84*if(Z84=true,0.453592,1)=$AE84,W84,0),IF(X84*if(Z84=true,0.453592,1)=$AE84,Y84,0)) -> 14
B85: 활동강도🔥 | F85: 지방 | H85: 시티드로우 | J85: 10 | K85: 15 | L85: 12.5 | M85: 12 | N85: 12.5 | O85: 13 | P85: 12.5 | Q85: 15 | Z85: FALSE | AA85: =(J85*K85+L85*M85+N85*O85+P85*Q85+R85*S85+T85*U85+V85*W85+X85*Y85)*if(Z85=true,0.453592,1) -> 650 | AB85: =SUM(AE85*AF85*0.025,AE85) -> 17.1875 | AC85: =AB85*87% -> 14.953125 | AD85: =AB85*67% -> 11.515625 | AE85: =MAX(J85,L85,N85,P85,R85,T85,V85,X85)*if(Z85=true,0.453592,1) -> 12.5 | AF85: =MAX(IF(J85*if(Z85=true,0.453592,1)=$AE85,K85,0),IF(L85*if(Z85=true,0.453592,1)=$AE85,M85,0),IF(N85*if(Z85=true,0.453592,1)=$AE85,O85,0),IF(P85*if(Z85=true,0.453592,1)=$AE85,Q85,0),IF(R85*if(Z85=true,0.453592,1)=$AE85,S85,0),IF(T85*if(Z85=true,0.453592,1)=$AE85,U85,0),IF(V85*if(Z85=true,0.453592,1)=$AE85,W85,0),IF(X85*if(Z85=true,0.453592,1)=$AE85,Y85,0)) -> 15
B86: 식이조절😇 | D86: FALSE | E86: 점 심 | F86: 탄수화물 | Z86: FALSE | AA86: =(J86*K86+L86*M86+N86*O86+P86*Q86+R86*S86+T86*U86+V86*W86+X86*Y86)*if(Z86=true,0.453592,1) -> 0 | AB86: =SUM(AE86*AF86*0.025,AE86) -> 0 | AC86: =AB86*87% -> 0 | AD86: =AB86*67% -> 0 | AE86: =MAX(J86,L86,N86,P86,R86,T86,V86,X86)*if(Z86=true,0.453592,1) -> 0 | AF86: =MAX(IF(J86*if(Z86=true,0.453592,1)=$AE86,K86,0),IF(L86*if(Z86=true,0.453592,1)=$AE86,M86,0),IF(N86*if(Z86=true,0.453592,1)=$AE86,O86,0),IF(P86*if(Z86=true,0.453592,1)=$AE86,Q86,0),IF(R86*if(Z86=true,0.453592,1)=$AE86,S86,0),IF(T86*if(Z86=true,0.453592,1)=$AE86,U86,0),IF(V86*if(Z86=true,0.453592,1)=$AE86,W86,0),IF(X86*if(Z86=true,0.453592,1)=$AE86,Y86,0)) -> 0
B87: 수분🥛 | D87: FALSE | F87: 단백질 | H87: 플랭크 | K87: 15 | M87: 20 | O87: 20 | Z87: FALSE | AA87: =(J87*K87+L87*M87+N87*O87+P87*Q87+R87*S87+T87*U87+V87*W87+X87*Y87)*if(Z87=true,0.453592,1) -> 0 | AB87: =SUM(AE87*AF87*0.025,AE87) -> 0 | AC87: =AB87*87% -> 0 | AD87: =AB87*67% -> 0 | AE87: =MAX(J87,L87,N87,P87,R87,T87,V87,X87)*if(Z87=true,0.453592,1) -> 0 | AF87: =MAX(IF(J87*if(Z87=true,0.453592,1)=$AE87,K87,0),IF(L87*if(Z87=true,0.453592,1)=$AE87,M87,0),IF(N87*if(Z87=true,0.453592,1)=$AE87,O87,0),IF(P87*if(Z87=true,0.453592,1)=$AE87,Q87,0),IF(R87*if(Z87=true,0.453592,1)=$AE87,S87,0),IF(T87*if(Z87=true,0.453592,1)=$AE87,U87,0),IF(V87*if(Z87=true,0.453592,1)=$AE87,W87,0),IF(X87*if(Z87=true,0.453592,1)=$AE87,Y87,0)) -> 20
B88: {="📌최근 인바디 결과 : "&text(xlookup(B80,'현황'!O:O,'현황'!O:O,,-1,-1),"m/d(ddd)")} -> #REF! | F88: 지방 | Z88: FALSE | AA88: =(J88*K88+L88*M88+N88*O88+P88*Q88+R88*S88+T88*U88+V88*W88+X88*Y88)*if(Z88=true,0.453592,1) -> 0 | AB88: =SUM(AE88*AF88*0.025,AE88) -> 0 | AC88: =AB88*87% -> 0 | AD88: =AB88*67% -> 0 | AE88: =MAX(J88,L88,N88,P88,R88,T88,V88,X88)*if(Z88=true,0.453592,1) -> 0 | AF88: =MAX(IF(J88*if(Z88=true,0.453592,1)=$AE88,K88,0),IF(L88*if(Z88=true,0.453592,1)=$AE88,M88,0),IF(N88*if(Z88=true,0.453592,1)=$AE88,O88,0),IF(P88*if(Z88=true,0.453592,1)=$AE88,Q88,0),IF(R88*if(Z88=true,0.453592,1)=$AE88,S88,0),IF(T88*if(Z88=true,0.453592,1)=$AE88,U88,0),IF(V88*if(Z88=true,0.453592,1)=$AE88,W88,0),IF(X88*if(Z88=true,0.453592,1)=$AE88,Y88,0)) -> 0
B89: 몸무게🙈 | D89: {=iferror(vlookup(xlookup(B80,'현황'!O:O,'현황'!O:O,,-1,-1),'현황'!O:S,2,false),0)} -> 0 | E89: 저 녁 | F89: 탄수화물 | Z89: FALSE | AA89: =(J89*K89+L89*M89+N89*O89+P89*Q89+R89*S89+T89*U89+V89*W89+X89*Y89)*if(Z89=true,0.453592,1) -> 0 | AB89: =SUM(AE89*AF89*0.025,AE89) -> 0 | AC89: =AB89*87% -> 0 | AD89: =AB89*67% -> 0 | AE89: =MAX(J89,L89,N89,P89,R89,T89,V89,X89)*if(Z89=true,0.453592,1) -> 0 | AF89: =MAX(IF(J89*if(Z89=true,0.453592,1)=$AE89,K89,0),IF(L89*if(Z89=true,0.453592,1)=$AE89,M89,0),IF(N89*if(Z89=true,0.453592,1)=$AE89,O89,0),IF(P89*if(Z89=true,0.453592,1)=$AE89,Q89,0),IF(R89*if(Z89=true,0.453592,1)=$AE89,S89,0),IF(T89*if(Z89=true,0.453592,1)=$AE89,U89,0),IF(V89*if(Z89=true,0.453592,1)=$AE89,W89,0),IF(X89*if(Z89=true,0.453592,1)=$AE89,Y89,0)) -> 0
B90: 골격근 | D90: {=iferror(vlookup(xlookup(B80,'현황'!O:O,'현황'!O:O,,-1,-1),'현황'!O:S,3,false),0)} -> 0 | F90: 단백질 | Z90: FALSE | AA90: =(J90*K90+L90*M90+N90*O90+P90*Q90+R90*S90+T90*U90+V90*W90+X90*Y90)*if(Z90=true,0.453592,1) -> 0 | AB90: =SUM(AE90*AF90*0.025,AE90) -> 0 | AC90: =AB90*87% -> 0 | AD90: =AB90*67% -> 0 | AE90: =MAX(J90,L90,N90,P90,R90,T90,V90,X90)*if(Z90=true,0.453592,1) -> 0 | AF90: =MAX(IF(J90*if(Z90=true,0.453592,1)=$AE90,K90,0),IF(L90*if(Z90=true,0.453592,1)=$AE90,M90,0),IF(N90*if(Z90=true,0.453592,1)=$AE90,O90,0),IF(P90*if(Z90=true,0.453592,1)=$AE90,Q90,0),IF(R90*if(Z90=true,0.453592,1)=$AE90,S90,0),IF(T90*if(Z90=true,0.453592,1)=$AE90,U90,0),IF(V90*if(Z90=true,0.453592,1)=$AE90,W90,0),IF(X90*if(Z90=true,0.453592,1)=$AE90,Y90,0)) -> 0
B91: 체지방 | D91: {=iferror(vlookup(xlookup(B80,'현황'!O:O,'현황'!O:O,,-1,-1),'현황'!O:S,4,false),0)} -> 0 | F91: 지방 | Z91: FALSE | AA91: =(J91*K91+L91*M91+N91*O91+P91*Q91+R91*S91+T91*U91+V91*W91+X91*Y91)*if(Z91=true,0.453592,1) -> 0 | AB91: =SUM(AE91*AF91*0.025,AE91) -> 0 | AC91: =AB91*87% -> 0 | AD91: =AB91*67% -> 0 | AE91: =MAX(J91,L91,N91,P91,R91,T91,V91,X91)*if(Z91=true,0.453592,1) -> 0 | AF91: =MAX(IF(J91*if(Z91=true,0.453592,1)=$AE91,K91,0),IF(L91*if(Z91=true,0.453592,1)=$AE91,M91,0),IF(N91*if(Z91=true,0.453592,1)=$AE91,O91,0),IF(P91*if(Z91=true,0.453592,1)=$AE91,Q91,0),IF(R91*if(Z91=true,0.453592,1)=$AE91,S91,0),IF(T91*if(Z91=true,0.453592,1)=$AE91,U91,0),IF(V91*if(Z91=true,0.453592,1)=$AE91,W91,0),IF(X91*if(Z91=true,0.453592,1)=$AE91,Y91,0)) -> 0
B92: 체지방률 | D92: =iferror(D91/D89,0) -> 0 | E92: 간식 | H92: 한줄평💬 | P92: 피드백💡 | AA92: =SUM(AA83:AA91) -> 1640 | AB92: ⓒ 공여사들 All rights reserved.
B94: 날짜 | D94: 유산소🔥 | H94: 수업⚡ | I94: 운동부위✔️ | J94: 웨이트 운동기록🏋️‍♀️ | AA94: 1회 최대반복 추정🤖 (kg)
B95: 46052 | C95: =if(B95="0/0","",choose(weekday(B95),"(일)","(월)","(화)","(수)","(목)","(금)","(토)")) -> (금) | D95: 걸음수 | E95: 러닝머신 | G95: 사이클 | H95: 수업 | I95: 가슴 | J95: 1set | L95: 2set | N95: 3set | P95: 4set | R95: 5set | T95: 6set | V95: 7set | X95: 8set | Z95: lb (파운드) | AA95: 무게 합 | AB95: 1RM 추정값 | AE95: MAX
B96: =iferror(B95-'현황'!$C$4+1,0) -> 0 | D96: 0 | E96: 0 | G96: 0 | H96: 0
B97: 오늘의 진단✅ | E97: 오늘의 식단🍚 | H97: 웨이트💪 | J97: 무게 | K97: 횟수 | L97: 무게 | M97: 횟수 | N97: 무게 | O97: 횟수 | P97: 무게 | Q97: 횟수 | R97: 무게 | S97: 횟수 | T97: 무게 | U97: 횟수 | V97: 무게 | W97: 횟수 | X97: 무게 | Y97: 횟수 | AB97: 1RM | AC97: 5RM | AD97: 12RM | AE97: 무게 | AF97: 횟수
B98: 숙면🌙 | E98: 아 침 | F98: 탄수화물 | H98: 체스트프레스 | J98: 5 | K98: 12 | L98: 5 | M98: 12 | N98: 5 | O98: 12 | P98: 5 | Q98: 12 | Z98: FALSE | AA98: =(J98*K98+L98*M98+N98*O98+P98*Q98+R98*S98+T98*U98+V98*W98+X98*Y98)*if(Z98=true,0.453592,1) -> 240 | AB98: =SUM(AE98*AF98*0.025,AE98) -> 6.5 | AC98: =AB98*87% -> 5.655 | AD98: =AB98*67% -> 4.355 | AE98: =MAX(J98,L98,N98,P98,R98,T98,V98,X98)*if(Z98=true,0.453592,1) -> 5 | AF98: =MAX(IF(J98*if(Z98=true,0.453592,1)=$AE98,K98,0),IF(L98*if(Z98=true,0.453592,1)=$AE98,M98,0),IF(N98*if(Z98=true,0.453592,1)=$AE98,O98,0),IF(P98*if(Z98=true,0.453592,1)=$AE98,Q98,0),IF(R98*if(Z98=true,0.453592,1)=$AE98,S98,0),IF(T98*if(Z98=true,0.453592,1)=$AE98,U98,0),IF(V98*if(Z98=true,0.453592,1)=$AE98,W98,0),IF(X98*if(Z98=true,0.453592,1)=$AE98,Y98,0)) -> 12
B99: 컨디션😀 | F99: 단백질 | H99: 덤벨프레스(아령) | J99: 2 | K99: 13 | L99: 2 | M99: 10 | N99: 2 | O99: 7 | P99: 2 | Q99: 10 | Z99: FALSE | AA99: =(J99*K99+L99*M99+N99*O99+P99*Q99+R99*S99+T99*U99+V99*W99+X99*Y99)*if(Z99=true,0.453592,1) -> 80 | AB99: =SUM(AE99*AF99*0.025,AE99) -> 2.65 | AC99: =AB99*87% -> 2.3055 | AD99: =AB99*67% -> 1.7755 | AE99: =MAX(J99,L99,N99,P99,R99,T99,V99,X99)*if(Z99=true,0.453592,1) -> 2 | AF99: =MAX(IF(J99*if(Z99=true,0.453592,1)=$AE99,K99,0),IF(L99*if(Z99=true,0.453592,1)=$AE99,M99,0),IF(N99*if(Z99=true,0.453592,1)=$AE99,O99,0),IF(P99*if(Z99=true,0.453592,1)=$AE99,Q99,0),IF(R99*if(Z99=true,0.453592,1)=$AE99,S99,0),IF(T99*if(Z99=true,0.453592,1)=$AE99,U99,0),IF(V99*if(Z99=true,0.453592,1)=$AE99,W99,0),IF(X99*if(Z99=true,0.453592,1)=$AE99,Y99,0)) -> 13
B100: 활동강도🔥 | F100: 지방 | H100: 플라이 | J100: 5 | K100: 15 | L100: 5 | M100: 15 | N100: 5 | O100: 15 | P100: 5 | Q100: 15 | Z100: FALSE | AA100: =(J100*K100+L100*M100+N100*O100+P100*Q100+R100*S100+T100*U100+V100*W100+X100*Y100)*if(Z100=true,0.453592,1) -> 300 | AB100: =SUM(AE100*AF100*0.025,AE100) -> 6.875 | AC100: =AB100*87% -> 5.98125 | AD100: =AB100*67% -> 4.60625 | AE100: =MAX(J100,L100,N100,P100,R100,T100,V100,X100)*if(Z100=true,0.453592,1) -> 5 | AF100: =MAX(IF(J100*if(Z100=true,0.453592,1)=$AE100,K100,0),IF(L100*if(Z100=true,0.453592,1)=$AE100,M100,0),IF(N100*if(Z100=true,0.453592,1)=$AE100,O100,0),IF(P100*if(Z100=true,0.453592,1)=$AE100,Q100,0),IF(R100*if(Z100=true,0.453592,1)=$AE100,S100,0),IF(T100*if(Z100=true,0.453592,1)=$AE100,U100,0),IF(V100*if(Z100=true,0.453592,1)=$AE100,W100,0),IF(X100*if(Z100=true,0.453592,1)=$AE100,Y100,0)) -> 15
B101: 식이조절😇 | D101: FALSE | E101: 점 심 | F101: 탄수화물 | Z101: FALSE | AA101: =(J101*K101+L101*M101+N101*O101+P101*Q101+R101*S101+T101*U101+V101*W101+X101*Y101)*if(Z101=true,0.453592,1) -> 0 | AB101: =SUM(AE101*AF101*0.025,AE101) -> 0 | AC101: =AB101*87% -> 0 | AD101: =AB101*67% -> 0 | AE101: =MAX(J101,L101,N101,P101,R101,T101,V101,X101)*if(Z101=true,0.453592,1) -> 0 | AF101: =MAX(IF(J101*if(Z101=true,0.453592,1)=$AE101,K101,0),IF(L101*if(Z101=true,0.453592,1)=$AE101,M101,0),IF(N101*if(Z101=true,0.453592,1)=$AE101,O101,0),IF(P101*if(Z101=true,0.453592,1)=$AE101,Q101,0),IF(R101*if(Z101=true,0.453592,1)=$AE101,S101,0),IF(T101*if(Z101=true,0.453592,1)=$AE101,U101,0),IF(V101*if(Z101=true,0.453592,1)=$AE101,W101,0),IF(X101*if(Z101=true,0.453592,1)=$AE101,Y101,0)) -> 0
B102: 수분🥛 | D102: FALSE | F102: 단백질 | H102: 플랭크 | K102: 20 | M102: 20 | O102: 25 | Z102: FALSE | AA102: =(J102*K102+L102*M102+N102*O102+P102*Q102+R102*S102+T102*U102+V102*W102+X102*Y102)*if(Z102=true,0.453592,1) -> 0 | AB102: =SUM(AE102*AF102*0.025,AE102) -> 0 | AC102: =AB102*87% -> 0 | AD102: =AB102*67% -> 0 | AE102: =MAX(J102,L102,N102,P102,R102,T102,V102,X102)*if(Z102=true,0.453592,1) -> 0 | AF102: =MAX(IF(J102*if(Z102=true,0.453592,1)=$AE102,K102,0),IF(L102*if(Z102=true,0.453592,1)=$AE102,M102,0),IF(N102*if(Z102=true,0.453592,1)=$AE102,O102,0),IF(P102*if(Z102=true,0.453592,1)=$AE102,Q102,0),IF(R102*if(Z102=true,0.453592,1)=$AE102,S102,0),IF(T102*if(Z102=true,0.453592,1)=$AE102,U102,0),IF(V102*if(Z102=true,0.453592,1)=$AE102,W102,0),IF(X102*if(Z102=true,0.453592,1)=$AE102,Y102,0)) -> 25
B103: {="📌최근 인바디 결과 : "&text(xlookup(B95,'현황'!O:O,'현황'!O:O,,-1,-1),"m/d(ddd)")} -> #REF! | F103: 지방 | Z103: FALSE | AA103: =(J103*K103+L103*M103+N103*O103+P103*Q103+R103*S103+T103*U103+V103*W103+X103*Y103)*if(Z103=true,0.453592,1) -> 0 | AB103: =SUM(AE103*AF103*0.025,AE103) -> 0 | AC103: =AB103*87% -> 0 | AD103: =AB103*67% -> 0 | AE103: =MAX(J103,L103,N103,P103,R103,T103,V103,X103)*if(Z103=true,0.453592,1) -> 0 | AF103: =MAX(IF(J103*if(Z103=true,0.453592,1)=$AE103,K103,0),IF(L103*if(Z103=true,0.453592,1)=$AE103,M103,0),IF(N103*if(Z103=true,0.453592,1)=$AE103,O103,0),IF(P103*if(Z103=true,0.453592,1)=$AE103,Q103,0),IF(R103*if(Z103=true,0.453592,1)=$AE103,S103,0),IF(T103*if(Z103=true,0.453592,1)=$AE103,U103,0),IF(V103*if(Z103=true,0.453592,1)=$AE103,W103,0),IF(X103*if(Z103=true,0.453592,1)=$AE103,Y103,0)) -> 0
B104: 몸무게🙈 | D104: {=iferror(vlookup(xlookup(B95,'현황'!O:O,'현황'!O:O,,-1,-1),'현황'!O:S,2,false),0)} -> 0 | E104: 저 녁 | F104: 탄수화물 | Z104: FALSE | AA104: =(J104*K104+L104*M104+N104*O104+P104*Q104+R104*S104+T104*U104+V104*W104+X104*Y104)*if(Z104=true,0.453592,1) -> 0 | AB104: =SUM(AE104*AF104*0.025,AE104) -> 0 | AC104: =AB104*87% -> 0 | AD104: =AB104*67% -> 0 | AE104: =MAX(J104,L104,N104,P104,R104,T104,V104,X104)*if(Z104=true,0.453592,1) -> 0 | AF104: =MAX(IF(J104*if(Z104=true,0.453592,1)=$AE104,K104,0),IF(L104*if(Z104=true,0.453592,1)=$AE104,M104,0),IF(N104*if(Z104=true,0.453592,1)=$AE104,O104,0),IF(P104*if(Z104=true,0.453592,1)=$AE104,Q104,0),IF(R104*if(Z104=true,0.453592,1)=$AE104,S104,0),IF(T104*if(Z104=true,0.453592,1)=$AE104,U104,0),IF(V104*if(Z104=true,0.453592,1)=$AE104,W104,0),IF(X104*if(Z104=true,0.453592,1)=$AE104,Y104,0)) -> 0
B105: 골격근 | D105: {=iferror(vlookup(xlookup(B95,'현황'!O:O,'현황'!O:O,,-1,-1),'현황'!O:S,3,false),0)} -> 0 | F105: 단백질 | Z105: FALSE | AA105: =(J105*K105+L105*M105+N105*O105+P105*Q105+R105*S105+T105*U105+V105*W105+X105*Y105)*if(Z105=true,0.453592,1) -> 0 | AB105: =SUM(AE105*AF105*0.025,AE105) -> 0 | AC105: =AB105*87% -> 0 | AD105: =AB105*67% -> 0 | AE105: =MAX(J105,L105,N105,P105,R105,T105,V105,X105)*if(Z105=true,0.453592,1) -> 0 | AF105: =MAX(IF(J105*if(Z105=true,0.453592,1)=$AE105,K105,0),IF(L105*if(Z105=true,0.453592,1)=$AE105,M105,0),IF(N105*if(Z105=true,0.453592,1)=$AE105,O105,0),IF(P105*if(Z105=true,0.453592,1)=$AE105,Q105,0),IF(R105*if(Z105=true,0.453592,1)=$AE105,S105,0),IF(T105*if(Z105=true,0.453592,1)=$AE105,U105,0),IF(V105*if(Z105=true,0.453592,1)=$AE105,W105,0),IF(X105*if(Z105=true,0.453592,1)=$AE105,Y105,0)) -> 0
B106: 체지방 | D106: {=iferror(vlookup(xlookup(B95,'현황'!O:O,'현황'!O:O,,-1,-1),'현황'!O:S,4,false),0)} -> 0 | F106: 지방 | Z106: FALSE | AA106: =(J106*K106+L106*M106+N106*O106+P106*Q106+R106*S106+T106*U106+V106*W106+X106*Y106)*if(Z106=true,0.453592,1) -> 0 | AB106: =SUM(AE106*AF106*0.025,AE106) -> 0 | AC106: =AB106*87% -> 0 | AD106: =AB106*67% -> 0 | AE106: =MAX(J106,L106,N106,P106,R106,T106,V106,X106)*if(Z106=true,0.453592,1) -> 0 | AF106: =MAX(IF(J106*if(Z106=true,0.453592,1)=$AE106,K106,0),IF(L106*if(Z106=true,0.453592,1)=$AE106,M106,0),IF(N106*if(Z106=true,0.453592,1)=$AE106,O106,0),IF(P106*if(Z106=true,0.453592,1)=$AE106,Q106,0),IF(R106*if(Z106=true,0.453592,1)=$AE106,S106,0),IF(T106*if(Z106=true,0.453592,1)=$AE106,U106,0),IF(V106*if(Z106=true,0.453592,1)=$AE106,W106,0),IF(X106*if(Z106=true,0.453592,1)=$AE106,Y106,0)) -> 0
B107: 체지방률 | D107: =iferror(D106/D104,0) -> 0 | E107: 간식 | H107: 한줄평💬 | P107: 피드백💡 | AA107: =SUM(AA98:AA106) -> 620 | AB107: ⓒ 공여사들 All rights reserved.
B109: 날짜 | D109: 유산소🔥 | H109: 수업⚡ | I109: 운동부위✔️ | J109: 웨이트 운동기록🏋️‍♀️ | AA109: 1회 최대반복 추정🤖 (kg)
...
